intervention,n_datasets,mean_delta_alpha,std_delta_alpha,median_delta_alpha,wilcoxon_statistic,wilcoxon_p,ttest_p,sign_accuracy,sign_correct_n,sign_p_binomial,spearman_rho_feature_alpha,spearman_p,bootstrap_ci_low,bootstrap_ci_high,cohens_d,verdict
label_noise_10,94,-0.22472113252226403,0.28582548993700496,-0.11152113693262,181.0,5.126765047314017e-15,1.0327195316710998e-11,0.8936170212765957,84,5.163495918775425e-16,-0.6119929198425026,5.623944592716378e-11,-0.28320873490168097,-0.1712347946565446,-0.7862179559043879,SUPPORTED
label_noise_20,94,-0.26794883337220204,0.30605734303965476,-0.1775233314244581,129.0,1.0768272475878634e-15,1.604259616511333e-13,0.9361702127659575,88,4.4039683280194755e-20,-0.6902647834411011,1.4008646151519741e-14,-0.3388686777701,-0.2086031510752218,-0.8754857198441284,SUPPORTED
feature_noise_03,95,-0.02267532486317716,0.2004381805888097,-0.015363035135025765,1625.0,0.007523042211671718,0.13649867386028272,0.6210526315789474,59,0.011744001418460572,-0.25254759238521834,0.013545057476372043,-0.06279738272547114,0.019228701033136463,-0.11312877010384431,SUPPORTED
feature_noise_07,91,-0.10322613955273166,0.2981341085660596,-0.061202818978106505,844.0,3.838104556465465e-07,0.0006869035947192589,0.7252747252747253,66,1.0141644604072778e-05,-0.3531772575250836,0.0005949942143302842,-0.1609875327833385,-0.034503837526390635,-0.3462406231027909,SUPPORTED
smote_balance,90,0.06111618802506967,0.20415941064904308,0.0035935081282652825,1908.0,0.010613513350727726,0.0027956420141751147,0.5111111111111111,46,0.4580644385056446,0.1438982070561018,0.17602063449779592,0.02187189027302524,0.10614965501960477,0.29935523325052565,NOT SUPPORTED
class_imbalance,87,-0.09845800590803788,0.2740539627144515,-0.037302580564350096,1256.0,0.002677109887214945,0.0005989120481540924,0.5977011494252874,52,0.04284448717958332,0.21423364064688005,0.04631238876874985,-0.1541063934680425,-0.0408359220915737,-0.35926503268518317,PARTIAL
